{"model": "sentence-transformers/all-MiniLM-L6-v2", "colors": ["red", "blue", "green"], "commands": ["go to the red marker", "go to the blue marker", "go to the green marker"], "dim": 384, "embeddings": [[0.053276, -0.049528, -0.033686, 0.070245, 0.047398, 0.043266, 0.05848, 0.023509, -0.049391, -0.083039, 0.030407, -0.064387, -0.07966, -0.027916, 0.022526, -0.018301, 0.007542, 0.01296, 0.000167, -0.089631, 0.042047, -0.046783, -0.057031, 0.001535, -0.028003, 0.012572, -0.060712, 0.034686, -0.039172, 0.001961, -0.054432, -0.042145, 0.002777, -0.024113, 0.085999, 0.005862, 0.051326, -0.002315, 0.067956, -0.004668, 0.029435, -0.026537, 0.040197, 0.090254, 0.032878, 0.063874, -0.001516, 0.045711, 0.105716, 0.040078, 0.066776, -0.012683, -0.070824, 0.002756, 0.011516, 0.068217, 0.001164, -0.044628, 0.024201, -0.048611, 0.014763, 0.034231, -0.048346, -0.001365, -0.078578, 0.003494, 0.044393, -0.058742, 0.057487, -0.00959, 0.033669, -0.024419, 0.048984, -0.086577, 0.012595, 0.002981, 0.029405, 0.013495, -0.0096, -0.03111, -0.049729, -0.072027, 0.024132, 0.091014, 0.098608, 0.076816, -0.039483, 0.004859, -0.002937, 0.012589, -0.011588, 0.038176, -0.057057, 0.058284, -0.042666, -0.009959, -0.038932, 0.061387, 0.051731, 0.151936, 0.037963, -0.006303, -0.026943, -0.010779, 0.030003, -0.012922, -0.057625, 0.004573, 0.013846, -0.041095, 0.011585, 0.003777, 0.096667, 0.030965, -0.09322, 0.026665, -0.071578, 0.007208, 0.006558, -0.073294, 0.003355, 6.4e-05, -0.065349, -0.027324, -0.042827, -0.055455, -0.039652, -0.0, 0.042775, 0.061685, 0.044667, -0.001916, -0.009428, 0.053209, -0.074421, -0.015709, -0.022703, -0.006574, 0.10961, -0.060073, -0.031685, -0.018707, 0.000512, 0.057776, 0.044609, -0.028338, -0.110155, 0.000417, -0.088998, -0.071209, -0.047957, -0.021911, 0.033902, 0.148821, -0.052313, 0.03737, -0.013661, 0.034244, -0.041687, -0.003228, 0.032163, -0.004497, -0.010738, -0.002927, -0.043833, 0.019944, 0.011463, -0.039398, 0.03147, 0.010908, -0.162362, 0.041411, 0.031758, 0.029251, 0.065008, 0.018682, 0.111679, 0.061909, -0.051475, 0.009302, -0.056673, -0.019224, -0.097207, -0.03912, -0.040995, 0.050908, -0.036586, -0.039007, 0.039921, 0.045259, 0.009009, 0.05844, -0.041423, -0.020058, -0.03295, -0.012757, 0.049419, -0.001318, 0.016086, 0.020743, 0.134474, -0.006802, -0.037238, -0.018884, -0.042081, 0.048315, 0.003293, -0.090177, -0.041412, -0.045971, -0.042226, 0.059049, 0.089427, -0.115163, 0.022525, 0.061737, -0.040487, -0.055002, 0.037318, -0.00176, -0.019449, -0.049471, -0.057832, 0.0, -0.013798, -0.015339, -0.069907, 0.025177, 0.01131, -0.09492, 0.094425, 0.053966, 0.035153, 0.105627, 0.044344, 0.037075, -0.003429, 0.081903, 0.071174, 0.049597, -0.002822, 0.180247, -0.016377, -0.015622, -0.093909, -0.009657, 0.01423, 0.011555, -0.038114, 0.001275, 0.077236, -0.085695, -0.118526, -0.079783, -0.011082, -0.079561, -0.063493, -0.046521, -0.019598, 0.002681, 0.031346, -0.01136, -0.01875, 0.048723, 0.051016, -0.035642, -0.04591, 0.012601, -0.003009, 0.050737, 0.027675, 0.0701, 0.050552, 0.081373, 0.016638, -0.032414, 0.005072, -0.0244, -0.066087, 0.057449, 0.004606, 0.00235, -0.015184, 0.068537, -0.067833, 0.02956, -0.111907, 0.094313, 0.101621, -0.056114, 0.005325, -0.010427, -0.004649, 0.124842, -0.038169, 0.080418, 0.027673, -0.006972, -0.020611, -0.103109, 0.039242, 0.069511, -0.011868, -0.050892, 0.034274, -0.058972, -0.017269, 0.096054, 0.045962, 0.034184, -0.026066, -0.030533, -0.045249, -0.071053, -0.005074, 0.060266, -0.015375, 0.01896, -0.049156, -0.0, 0.020253, 0.007758, 0.068512, -0.031165, 0.068253, 0.039554, 0.036041, 0.028947, -0.046273, 0.036923, -0.007519, -0.078175, -0.02605, -0.052106, 0.078407, -0.093875, -0.040933, 0.007313, -0.076686, 0.025013, -0.07723, 0.026892, -0.003359, 0.013757, -0.037327, 0.001193, 0.086386, 0.070312, 0.020657, 0.018144, 0.003445, 0.077053, 0.045377, -0.02695, -0.040595, -0.041912, -0.047905, 0.052089, 0.050793, 0.021583, -0.033801, -0.027834, -0.01062, 0.032169, 0.019842, 0.073964, 0.040709, -0.072933, -0.033946, -0.046124, -0.013149, -0.072175, 0.005982, -0.004313, -0.037284, -0.043775, 0.013871, 0.00176, -0.028488, 0.028121, 0.031885, -0.001916, -0.048068, 0.03075], [0.034598, -0.046924, 0.013014, 0.049069, 0.067251, 0.049688, 0.046089, 0.030794, -0.055496, -0.05128, 0.039956, -0.06489, -0.06088, -0.021909, 0.006461, 0.040113, 0.005571, -0.012081, -0.001117, -0.067246, 0.051668, -0.024806, -0.034086, 0.056332, -0.04027, 0.028696, -0.063055, 0.056702, 0.016697, 0.065479, -0.077007, -0.026287, 0.006339, -0.015587, 0.09928, -0.075093, 0.053729, 0.047897, 0.068204, -0.013933, 0.012276, -0.038788, -0.017737, 0.032974, 0.019032, 0.035551, -0.002817, 0.014085, 0.102649, 0.079489, 0.058044, -0.023381, -0.06486, -0.003557, 0.004915, 0.068973, 0.002307, -0.062264, 0.032082, 0.002768, 0.01077, 0.048822, -0.040524, 0.041396, -0.030375, 0.032013, 0.006789, -0.015774, 0.007975, -0.03718, 0.038517, -0.042232, 0.054665, -0.048931, 0.057553, 0.039277, 0.014426, -0.024761, -0.020828, -0.052111, -0.095269, -0.1248, 0.004269, 0.108476, 0.052031, 0.079814, -0.018121, 0.030482, -0.010009, 0.007318, -0.003604, 0.023344, -0.105442, 0.007239, -0.02752, 0.006495, -0.006331, 0.048227, 0.077142, 0.142567, 0.000222, -0.043967, -0.038841, -0.059912, 0.026022, 0.004825, -0.019095, -0.006984, 0.06717, -0.039448, 0.020078, -0.037335, 0.092716, 0.059934, -0.088369, 0.024328, -0.074144, 0.036612, 0.056097, -0.093123, 0.015969, -0.027028, -0.050056, -0.005906, -0.101825, 0.02109, -0.03462, -0.0, 0.092491, 0.056549, 0.055454, 0.016719, -0.035091, 0.017613, -0.037399, -0.015477, -0.040406, -0.013428, 0.075906, -0.058051, -0.017332, -0.039895, 0.022689, 0.020601, 0.012811, -0.039503, -0.116734, 0.014362, -0.061032, -0.064367, -0.063758, -0.021942, 0.066768, 0.138399, -0.015192, 0.047786, 0.009137, 0.042425, 0.003768, 0.044119, -0.012287, -0.072525, 0.014587, -0.014452, -0.018519, 0.017949, -0.032508, -0.053452, 0.058207, -0.010124, -0.16025, 0.027292, 0.004556, 0.043397, 0.101025, 0.027728, 0.110095, 0.045341, -0.075705, 0.01694, -0.087854, -0.070945, -0.041522, -0.021593, -0.007969, 0.009626, -0.029664, -0.028238, 0.039463, 0.048556, 0.017084, 0.034198, -0.03141, -0.052069, -0.031985, -0.026231, 0.039954, -0.075487, -0.005302, 0.016576, 0.108451, -0.02635, -0.041862, -0.016804, -0.042149, 0.038725, -0.053202, -0.050849, -0.046729, -0.053908, 0.006446, 0.046004, 0.07631, -0.108201, 0.012041, 0.038528, -0.047227, -0.062097, 0.012481, 0.003173, -0.025669, -0.022733, -0.12387, 0.0, -0.046198, -0.023358, -0.028925, 0.045526, 0.003818, -0.081235, 0.072183, 0.046729, 0.063627, 0.13278, 0.047555, 0.060094, 0.013276, 0.03099, 0.045035, 0.035477, 0.00548, 0.16614, -0.035024, -0.026208, -0.086364, 0.009819, 0.041811, -0.010048, -0.009062, 0.032039, 0.073874, -0.059888, -0.091822, -0.04246, -0.025122, -0.05185, -0.041587, -0.016457, 0.011979, -0.005547, 0.032212, -0.069575, -0.013885, 0.064798, -0.024453, -0.043307, -0.041607, 0.007628, -0.056802, 0.011529, 0.048811, 0.05973, 0.073885, 0.098165, 0.011413, -0.035291, -0.001492, -0.028376, -0.037522, 0.05597, 0.011717, 0.023047, 0.009678, 0.033269, -0.022591, 0.024204, -0.065366, 0.083005, 0.075469, -0.032447, -0.01071, -0.054421, -0.012538, 0.074142, -0.076943, 0.046669, 0.0219, 0.001677, 0.001572, -0.054032, 0.047666, 0.033558, -0.064146, -0.043981, 0.006396, -0.039124, -0.017617, 0.063989, 0.021965, 0.016633, -0.041452, -0.024592, -0.055417, -0.095474, -0.034353, 0.069731, -0.002072, 0.041452, -0.084047, -0.0, 0.000396, -0.016948, 0.091968, -0.006717, 0.060811, 0.018113, 0.032502, 0.004527, -0.003284, 0.015132, -0.023773, -0.083694, -0.04118, -0.023494, 0.059555, -0.122338, -0.035536, -0.003474, -0.072437, 0.026116, -0.109797, -0.024683, -0.001643, 0.016088, -0.037346, 0.002155, 0.056723, 0.084512, 0.063183, 0.020591, 0.005983, 0.097104, 0.070018, -0.042734, -0.02731, 0.001291, -0.085828, 0.081092, 0.028864, 0.075926, 0.004949, -0.038924, -0.027911, 0.029981, 0.083339, 0.06389, 0.066633, 0.005604, 