{"pelvis_z": [0.6341474652290344, 0.7603684067726135, 0.8832070827484131, 0.9931908249855042, 0.5, 0.5, 0.6544733047485352, 0.5, 0.6990382075309753, 0.5, 0.5], "board_pitch": [-0.027439110883214945, 8.984236078540182, 8.803807941476705, -10.37260980383779, -85.42053527046164, 11.612497652479606, 11.612497652479606, 7.58866759664846, 7.58866759664846, 66.6248360061574, 49.99766216330472], "fell": [0.0, 0.0, 0.0, 0.0, 0.0, 0.0, 0.0, 0.0, 0.0, 0.0, 0.0], "reward": [-0.43962129950523376, -1.1552643775939941, -1.6331299543380737, -1.0073524713516235, -1.3219517469406128, -3.879636764526367, -1.5163688659667969, -1.9800618886947632, -1.362969994544983, -1.118439793586731, -1.1099207401275635], "step": [0, 1, 2, 3, 4, 5, 6, 7, 8, 9, 10]}